<?xml version="1.0" encoding="UTF-8"?>
<app-menu>
	<menu title="lang:msg.menuMain" link="action:home" permission="EIS:STAFF">
		<item title="lang:msg.home" link="action:home" permission="EIS:STAFF" />
		<item title="lang:msg.menuStaff" link="action:staff" permission="EIS:STAFF" />
		<item title="lang:msg.menuHR" link="action:hr" permission="EIS:HR" />
		<item title="lang:msg.menuManager" link="action:manager"
			permission="EIS:MANAGER" />
		<item title="lang:msg.menuAdmin" link="action:admin" permission="EIS:ADMIN" />
		<!--
		<item title="lang:msg.menuHelp" link="action:help" />
		-->
		<item title="lang:msg.logout" link="action:home:logout" />
	</menu>
	<menu title="lang:msg.menuStaff" link="action:staff" permission="EIS:STAFF">
		<item title="lang:msg.menuStaff.profile" link="action:staff:profile" />
		<item title="lang:msg.menuStaff.skillInventory" link="action:staff:skillInventory" />
	</menu>
	<menu title="lang:msg.menuHR" link="action:hr" permission="EIS:HR">
	</menu>
	<menu title="lang:msg.menuManager" link="action:manager"
		permission="EIS:MANAGER">
		<item title="lang:msg.menuManager.skillSearch" link="action:manager:skillSearch" />
	</menu>
	<menu title="lang:msg.menuAdmin" link="action:admin" permission="EIS:ADMIN">
		<item title="lang:msg.menuAdmin.siteSettings" link="action:admin:siteSettings" />
	</menu>
	<menu title="lang:msg.menuHelp" link="action:help">
	</menu>
</app-menu>
