<?xml version="1.0" encoding="UTF-8"?>
<beans xmlns="http://www.springframework.org/schema/beans"
	xmlns:xsi="http://www.w3.org/2001/XMLSchema-instance" xmlns:p="http://www.springframework.org/schema/p"
	xmlns:context="http://www.springframework.org/schema/context"
	xsi:schemaLocation="http://www.springframework.org/schema/beans 
        http://www.springframework.org/schema/beans/spring-beans-3.0.xsd
        http://www.springframework.org/schema/context 
        http://www.springframework.org/schema/context/spring-context-3.0.xsd">

	<bean id="propertyConfigurer"
		class="org.springframework.beans.factory.config.PropertyPlaceholderConfigurer">
		<property name="location" value="/WEB-INF/eis-config.properties" />
	</bean>

	<!-- Database Configuration -->
	<bean id="dataSource" class="org.springframework.jndi.JndiObjectFactoryBean"
		scope="singleton">
		<property name="jndiName" value="/jdbc/EISDS" />
		<property name="resourceRef" value="true" />
	</bean>

	<bean id="hibernateSessionFactory"
		class="org.springframework.orm.hibernate3.LocalSessionFactoryBean">
		<property name="dataSource" ref="dataSource" />
		<property name="mappingResources">
			<list>
				<value>org/ddth/eis/bo/appconfig/AppConfig.hbm.xml</value>
				<value>org/ddth/eis/bo/daf/DafGroup.hbm.xml</value>
				<value>org/ddth/eis/bo/daf/DafGroupRule.hbm.xml</value>
				<value>org/ddth/eis/bo/daf/DafPermission.hbm.xml</value>
				<value>org/ddth/eis/bo/daf/DafRole.hbm.xml</value>
				<value>org/ddth/eis/bo/daf/DafUser.hbm.xml</value>
				<value>org/ddth/eis/bo/daf/DafUserProfile.hbm.xml</value>
				<value>org/ddth/eis/bo/daf/DafUserRule.hbm.xml</value>
				<value>org/ddth/eis/bo/skillinventory/SkillCategory.hbm.xml</value>
				<value>org/ddth/eis/bo/skillinventory/SkillItem.hbm.xml</value>
				<value>org/ddth/eis/bo/skillinventory/SkillInventory.hbm.xml</value>
			</list>
		</property>
		<property name="hibernateProperties">
			<props>
				<prop key="hibernate.dialect">${hibernate.dialect}</prop>
				<prop key="hibernate.jdbc.batch_size">20</prop>
				<prop key="hibernate.bytecode.use_reflection_optimizer">true</prop>
				<prop key="hibernate.cache.use_query_cache">true</prop>
				<prop key="hibernate.cache.use_second_level_cache">true</prop>
				<prop key="hibernate.cache.provider_class">org.hibernate.cache.EhCacheProvider</prop>
				<prop key="hibernate.cache.configuration_resource_file">ehcache.xml</prop>
				<prop key="hibernate.show_sql">true</prop>
				<prop key="hibernate.format_sql">true</prop>
			</props>
		</property>
	</bean>

	<bean id="pandaHibernateSessionFactory" class="org.ddth.panda.hibernate.SimpleHibernateSessionFactory">
		<property name="sessionFactory" ref="hibernateSessionFactory" />
	</bean>
	<!-- Database Configuration -->

	<!--
		<bean id="defaultReplacementInterceptor"
		class="org.ddth.panda.web.impl.DefaultWebReplacementInterceptor">
		<property name="userDefinedReplacements"> <props> </props> </property>
		</bean>
	-->

	<!-- Multiple Language Configuration -->
	<bean id="languageStorageSource" class="org.ddth.panda.setup.LanguageStorageSource">
		<property name="rootPath" value="/WEB-INF/languages" />
		<property name="parameters">
			<props>
				<prop key="cache">false</prop>
			</props>
		</property>
	</bean>

	<bean id="languageFactory" class="org.ddth.panda.setup.PandaLanguageFactory"
		init-method="init">
		<property name="registryFile" value="/WEB-INF/languages/registry.xml" />
		<property name="storageSource" ref="languageStorageSource" />
		<!--
			<property name="replacementInterceptor"> <ref
			bean="defaultReplacementInterceptor" /> </property>
		-->
	</bean>
	<!-- Multiple Language Configuration -->

	<!-- Template Configuration -->
	<bean id="templateStorageSource" class="org.ddth.panda.setup.TemplateStorageSource">
		<property name="rootPath" value="/WEB-INF/templates" />
		<property name="parameters">
			<props>
				<prop key="cache">false</prop>
			</props>
		</property>
	</bean>

	<bean id="templateFactory" class="org.ddth.panda.setup.PandaTemplateFactory"
		init-method="init">
		<property name="registryFile" value="/WEB-INF/templates/registry.xml" />
		<property name="storageSource" ref="templateStorageSource" />
		<!--
			<property name="replacementInterceptor"> <ref
			bean="defaultReplacementInterceptor" /> </property>
		-->
	</bean>
	<!-- Template Configuration -->

	<!-- Authentication Configuration -->
	<bean id="ldapTemplate" class="org.springframework.ldap.core.LdapTemplate">
		<constructor-arg>
			<bean class="org.springframework.ldap.core.support.LdapContextSource">
				<!--
					Home <property name="url" value="ldap://192.168.1.123:389" />
					<property name="base" value="DC=ddth,DC=local" /> <property
					name="userDn" value="CN=LDAP Public,CN=Users,DC=ddth,DC=local" />
					<property name="password" value="Abc123" />
				-->
				<!--
					COA -->
				<property name="url" value="ldap://vndc01.vn.coa.local:389" />
				<property name="base" value="DC=vn,DC=coa,DC=local" />
				<property name="userDn"
					value="CN=ldap public,OU=Test,DC=vn,DC=coa,DC=local" />
				<property name="password" value="Abc123" />
				<!-- -->
			</bean>
		</constructor-arg>
		<property name="ignorePartialResultException" value="true" />
	</bean>

	<bean id="ldapAuthenticationProvider"
		class="org.ddth.panda.extras.security.ldap.SimpleLdapAuthenticationProvider">
		<property name="ldapTemplate" ref="ldapTemplate" />
		<property name="uidSearchName" value="userPrincipalName" />
	</bean>

	<!--
		<bean id="dafAuthenticationProvider"
		class="org.ddth.eis.bo.daf.DafAuthenticationProvider"> <property
		name="dafDataProvider" ref="managerDaf" /> </bean>
	-->

	<bean id="authenticationManager"
		class="org.springframework.security.authentication.ProviderManager">
		<property name="providers">
			<list>
				<ref bean="ldapAuthenticationProvider" />
				<!-- 
				<ref bean="dafAuthenticationProvider" />
				-->
			</list>
		</property>
	</bean>
	<!-- Authentication Configuration -->

	<!-- Authorization Configuration -->
	<bean id="dafAuthorizationAgent" class="org.ddth.daf.impl.SimpleAuthorizationAgent">
		<property name="dataProvider" ref="managerDaf" />
	</bean>
	<!-- Authorization Configuration -->

	<bean id="pandaViewResolver" class="org.ddth.panda.springwebmvc.PandaViewResolver">
		<property name="templateFactory">
			<ref bean="templateFactory" />
		</property>
	</bean>

	<bean id="urlCreator" class="org.ddth.panda.DefaultUrlCreatorImpl">
	</bean>

	<!-- Panda Bean Configurations -->
	<bean id="actionControllerManager" class="org.ddth.panda.ActionControllerManager"
		init-method="init" destroy-method="destroy">
		<property name="pandaControllersFile" value="/WEB-INF/panda-controllers.xml" />
		<property name="pandaActionMappingsFile" value="/WEB-INF/panda-actionmappings.xml" />
	</bean>

	<bean id="requestParserFactory" class="org.ddth.panda.RequestParserFactory">
	</bean>

	<bean id="applicationFactory" class="org.ddth.panda.ApplicationFactory">
		<property name="applicationClass" value="org.ddth.panda.DefaultApplication" />
		<property name="actionControllerManager" ref="actionControllerManager" />
		<property name="requestParserFactory" ref="requestParserFactory" />
	</bean>

	<bean id="pandaFrontController" class="org.ddth.panda.springwebmvc.PandaFrontController">
		<property name="applicationFactory" ref="applicationFactory" />
	</bean>
	<!-- Panda Bean Configurations -->

	<!-- Map all requests to pandaFrontController -->
	<bean id="urlMapping"
		class="org.springframework.web.servlet.handler.SimpleUrlHandlerMapping">
		<property name="mappings">
			<props>
				<prop key="/*">pandaFrontController</prop>
			</props>
		</property>
	</bean>

	<!-- START BO managers -->
	<bean id="managerAppConfig" class="org.ddth.eis.bo.appconfig.HibernateAppConfigManager">
		<property name="sessionFactory" ref="hibernateSessionFactory" />
	</bean>

	<!--
		<bean id="managerDaf"
		class="org.ddth.eis.bo.daf.HibernateDafDataManager"> <property
		name="sessionFactory" ref="hibernateSessionFactory" /> </bean>
	-->
	<bean id="managerDaf" class="org.ddth.panda.daf.hibernate.HibernateDafDataManager">
		<property name="hibernateSessionFactory" ref="pandaHibernateSessionFactory" />
	</bean>

	<bean id="managerSkill"
		class="org.ddth.eis.bo.skillinventory.HibernateSkillDataManager">
		<property name="sessionFactory" ref="hibernateSessionFactory" />
	</bean>
	<!-- END BO managers -->
</beans>
