<?xml version="1.0" encoding="UTF-8"?>
<action-mappings>
	<default-handler bean="controllerGlobalDefault" />

	<module name="home">
		<handler action="login" bean="controllerHomeLogin" />
		<handler action="index" bean="controllerHomeIndex" />
	</module>

	<module name="staff">
		<handler action="skillInventory" bean="controllerStaffSkillInventory" />
		<handler action="profile" bean="controllerStaffProfile" />
	</module>
	
	<module name="manager">
		<handler action="skillSearch" bean="controllerManagerSkillSearch" />
	</module>

	<module name="admin">
		<handler action="siteSettings" bean="controllerAdminSiteSettings" />
	</module>
</action-mappings>
