<?xml version="1.0" encoding="UTF-8"?>
<beans xmlns="http://www.springframework.org/schema/beans"
	xmlns:xsi="http://www.w3.org/2001/XMLSchema-instance" xmlns:p="http://www.springframework.org/schema/p"
	xmlns:context="http://www.springframework.org/schema/context"
	xsi:schemaLocation="http://www.springframework.org/schema/beans 
        http://www.springframework.org/schema/beans/spring-beans-3.0.xsd
        http://www.springframework.org/schema/context 
        http://www.springframework.org/schema/context/spring-context-3.0.xsd">

	<bean id="controllerGlobalDefault" class="org.ddth.eis.controller.ReturnHomeController" />

	<bean id="controllerHomeLogin" class="org.ddth.eis.controller.home.LoginController" />
	<bean id="controllerHomeIndex" class="org.ddth.eis.controller.home.IndexController" />

	<bean id="controllerStaffSkillInventory" class="org.ddth.eis.controller.staff.SkillInventoryController">
		<property name="accessPermission">
			<bean class="org.ddth.panda.daf.DafPermission">
				<constructor-arg value="EIS" />
				<constructor-arg value="STAFF" />
				<constructor-arg value="" />
				<constructor-arg value="org.ddth.daf.impl.BooleanPassport" />
			</bean>
		</property>
	</bean>
	<bean id="controllerStaffProfile" class="org.ddth.eis.controller.staff.ProfileController">
		<property name="accessPermission">
			<bean class="org.ddth.panda.daf.DafPermission">
				<constructor-arg value="EIS" />
				<constructor-arg value="STAFF" />
				<constructor-arg value="" />
				<constructor-arg value="org.ddth.daf.impl.BooleanPassport" />
			</bean>
		</property>
	</bean>
	<bean id="controllerManagerSkillSearch" class="org.ddth.eis.controller.manager.SkillSearchController">
		<property name="accessPermission">
			<bean class="org.ddth.panda.daf.DafPermission">
				<constructor-arg value="EIS" />
				<constructor-arg value="MANAGER" />
				<constructor-arg value="" />
				<constructor-arg value="org.ddth.daf.impl.BooleanPassport" />
			</bean>
		</property>
	</bean>
	<bean id="controllerAdminSiteSettings" class="org.ddth.eis.controller.admin.SiteSettingsController">
		<property name="accessPermission">
			<bean class="org.ddth.panda.daf.DafPermission">
				<constructor-arg value="EIS" />
				<constructor-arg value="ADMIN" />
				<constructor-arg value="" />
				<constructor-arg value="org.ddth.daf.impl.BooleanPassport" />
			</bean>
		</property>
	</bean>
</beans>
